Timestamp	I_0	Q_0	I_1	Q_1	I_2	Q_2	I_3	Q_3
0.0	3.12038e+03	-1.87556e+03	4.99224e+03	-3.70488e+03	7.50223e+03	-5.91337e+03	1.16325e+04	-7.62246e+03
0.045108	3.11853e+03	-1.87741e+03	4.99039e+03	-3.70672e+03	7.50223e+03	-5.91522e+03	1.16344e+04	-7.62246e+03
0.078538	3.11853e+03	-1.87741e+03	4.99409e+03	-3.70672e+03	7.50223e+03	-5.91522e+03	1.16344e+04	-7.62246e+03
0.127317	3.11298e+03	-1.87741e+03	4.99224e+03	-3.70672e+03	7.50223e+03	-5.91522e+03	1.16325e+04	-7.62246e+03
0.15104	3.11853e+03	-1.87556e+03	4.99409e+03	-3.70672e+03	7.50223e+03	-5.91522e+03	1.16344e+04	-7.62246e+03
0.199552	3.11853e+03	-1.87556e+03	4.99224e+03	-3.70488e+03	7.50223e+03	-5.91522e+03	1.16344e+04	-7.62246e+03
0.250986	3.11668e+03	-1.87556e+03	4.99224e+03	-3.70488e+03	7.50223e+03	-5.91522e+03	1.16344e+04	-7.62246e+03
0.282782	3.11668e+03	-1.87371e+03	4.99224e+03	-3.70672e+03	7.50223e+03	-5.91522e+03	1.16325e+04	-7.62431e+03
0.332859	3.11668e+03	-1.87741e+03	4.99224e+03	-3.70857e+03	7.50223e+03	-5.91522e+03	1.16344e+04	-7.62246e+03
0.367998	3.11853e+03	-1.87741e+03	4.99224e+03	-3.70488e+03	7.50223e+03	-5.91522e+03	1.16325e+04	-7.62246e+03
0.416084	3.11668e+03	-1.87741e+03	4.99039e+03	-3.70303e+03	7.50223e+03	-5.91522e+03	1.16344e+04	-7.62431e+03
0.444928	3.11853e+03	-1.87741e+03	4.99224e+03	-3.70672e+03	7.50223e+03	-5.91522e+03	1.16325e+04	-7.62246e+03
0.492806	3.11668e+03	-1.87556e+03	4.99224e+03	-3.70488e+03	7.50038e+03	-5.91522e+03	1.16325e+04	-7.62246e+03
0.543699	3.11668e+03	-1.87741e+03	4.99224e+03	-3.70488e+03	7.50223e+03	-5.91522e+03	1.16325e+04	-7.62431e+03
0.576148	3.11668e+03	-1.87741e+03	4.99224e+03	-3.70672e+03	7.50223e+03	-5.91522e+03	1.16344e+04	-7.62246e+03
0.616651	3.11668e+03	-1.87186e+03	4.99409e+03	-3.70672e+03	7.50223e+03	-5.91522e+03	1.16325e+04	-7.62431e+03
0.651021	3.11853e+03	-1.87371e+03	4.99224e+03	-3.70672e+03	7.50223e+03	-5.91522e+03	1.16344e+04	-7.62246e+03
0.699408	3.12038e+03	-1.87556e+03	4.99224e+03	-3.70672e+03	7.50223e+03	-5.91522e+03	1.16325e+04	-7.62431e+03
0.732827	3.12038e+03	-1.87556e+03	4.99039e+03	-3.70488e+03	7.50223e+03	-5.91522e+03	1.16344e+04	-7.62431e+03
0.783977	3.11853e+03	-1.87556e+03	4.99224e+03	-3.70672e+03	7.50223e+03	-5.91522e+03	1.16344e+04	-7.62431e+03
0.831687	3.12038e+03	-1.87556e+03	4.99224e+03	-3.70672e+03	7.50223e+03	-5.91522e+03	1.16344e+04	-7.62431e+03
0.86204	3.11668e+03	-1.87556e+03	4.99224e+03	-3.70488e+03	7.50223e+03	-5.91522e+03	1.16344e+04	-7.62431e+03
0.911481	3.11668e+03	-1.87741e+03	4.99039e+03	-3.70488e+03	7.50223e+03	-5.91522e+03	1.16325e+04	-7.62431e+03
0.943888	3.11298e+03	-1.87926e+03	4.99039e+03	-3.70488e+03	7.50223e+03	-5.91522e+03	1.16344e+04	-7.62246e+03
0.982772	3.11298e+03	-1.87741e+03	4.99224e+03	-3.70672e+03	7.50038e+03	-5.91522e+03	1.16325e+04	-7.62246e+03
1.016103	3.11483e+03	-1.87926e+03	4.99224e+03	-3.70488e+03	7.50223e+03	-5.91522e+03	1.16325e+04	-7.62431e+03
1.07198	3.11668e+03	-1.87926e+03	4.99224e+03	-3.70488e+03	7.50223e+03	-5.91337e+03	1.16344e+04	-7.62246e+03
1.116034	3.11483e+03	-1.87741e+03	4.99409e+03	-3.70672e+03	7.50038e+03	-5.91522e+03	1.16325e+04	-7.62431e+03
1.15198	3.11483e+03	-1.87741e+03	4.99409e+03	-3.70672e+03	7.50223e+03	-5.91707e+03	1.16325e+04	-7.62431e+03
1.199322	3.11668e+03	-1.87741e+03	4.99039e+03	-3.70672e+03	7.50223e+03	-5.91522e+03	1.16344e+04	-7.62431e+03
1.231675	3.11853e+03	-1.87556e+03	4.99039e+03	-3.70488e+03	7.50223e+03	-5.91522e+03	1.16325e+04	-7.62431e+03
1.279975	3.12038e+03	-1.87741e+03	4.99409e+03	-3.70672e+03	7.50223e+03	-5.91522e+03	1.16344e+04	-7.62431e+03
1.310477	3.11853e+03	-1.87926e+03	4.99224e+03	-3.70672e+03	7.50038e+03	-5.91707e+03	1.16344e+04	-7.62431e+03
1.350956	3.11853e+03	-1.87556e+03	4.99039e+03	-3.70672e+03	7.50038e+03	-5.91522e+03	1.16325e+04	-7.62431e+03
1.400366	3.11853e+03	-1.87741e+03	4.99224e+03	-3.70488e+03	7.50038e+03	-5.91522e+03	1.16325e+04	-7.62431e+03
1.433701	3.11668e+03	-1.87926e+03	4.99224e+03	-3.70303e+03	7.50038e+03	-5.91522e+03	1.16325e+04	-7.62431e+03
1.482682	3.11483e+03	-1.87926e+03	4.99224e+03	-3.70488e+03	7.50038e+03	-5.91522e+03	1.16325e+04	-7.62431e+03
1.516023	3.11853e+03	-1.87741e+03	4.99409e+03	-3.70672e+03	7.50223e+03	-5.91522e+03	1.16344e+04	-7.62431e+03
1.565697	3.11668e+03	-1.87741e+03	4.99039e+03	-3.70488e+03	7.50223e+03	-5.91522e+03	1.16325e+04	-7.62431e+03
1.598965	3.12038e+03	-1.87741e+03	4.99224e+03	-3.70488e+03	7.50223e+03	-5.91522e+03	1.16344e+04	-7.62431e+03
1.643853	3.11853e+03	-1.87371e+03	4.99409e+03	-3.70672e+03	7.50038e+03	-5.91522e+03	1.16344e+04	-7.62431e+03
1.693814	3.11853e+03	-1.87556e+03	4.99224e+03	-3.70488e+03	7.50038e+03	-5.91707e+03	1.16325e+04	-7.62431e+03
1.727967	3.11668e+03	-1.87556e+03	4.99039e+03	-3.70488e+03	7.50038e+03	-5.91522e+03	1.16344e+04	-7.62431e+03
1.766913	3.11853e+03	-1.87556e+03	4.99039e+03	-3.70488e+03	7.50038e+03	-5.91707e+03	1.16344e+04	-7.62431e+03
1.799268	3.11668e+03	-1.87741e+03	4.99224e+03	-3.70488e+03	7.50223e+03	-5.91522e+03	1.16344e+04	-7.62431e+03
1.850861	3.11668e+03	-1.87741e+03	4.99224e+03	-3.70488e+03	7.50038e+03	-5.91522e+03	1.16344e+04	-7.62431e+03
1.882641	3.11853e+03	-1.87556e+03	4.99039e+03	-3.70488e+03	7.50223e+03	-5.91522e+03	1.16325e+04	-7.62431e+03
1.933687	3.11668e+03	-1.87371e+03	4.99039e+03	-3.70672e+03	7.50038e+03	-5.91337e+03	1.16325e+04	-7.62431e+03
1.983966	3.11668e+03	-1.87371e+03	4.99224e+03	-3.70672e+03	7.50223e+03	-5.91522e+03	1.16325e+04	-7.62431e+03
2.015698	3.11853e+03	-1.87371e+03	4.99224e+03	-3.70488e+03	7.50223e+03	-5.91522e+03	1.16325e+04	-7.62246e+03
2.054417	3.11668e+03	-1.87556e+03	4.99224e+03	-3.70488e+03	7.50038e+03	-5.91337e+03	1.16325e+04	-7.62431e+03
2.095781	3.12038e+03	-1.87556e+03	4.99224e+03	-3.70672e+03	7.50038e+03	-5.91522e+03	1.16325e+04	-7.62431e+03
2.142777	3.11853e+03	-1.87926e+03	4.98854e+03	-3.70488e+03	7.50223e+03	-5.91522e+03	1.16325e+04	-7.62431e+03
2.166599	3.11853e+03	-1.87926e+03	4.99039e+03	-3.70672e+03	7.50223e+03	-5.91522e+03	1.16344e+04	-7.62431e+03
2.215949	3.11668e+03	-1.87556e+03	4.99224e+03	-3.70672e+03	7.50223e+03	-5.91522e+03	1.16325e+04	-7.62431e+03
2.265872	3.11483e+03	-1.87556e+03	4.99224e+03	-3.70488e+03	7.50223e+03	-5.91522e+03	1.16325e+04	-7.62431e+03
2.300231	3.11483e+03	-1.87556e+03	4.99409e+03	-3.70488e+03	7.50038e+03	-5.91522e+03	1.16325e+04	-7.62431e+03
2.351939	3.11668e+03	-1.87926e+03	4.99409e+03	-3.70488e+03	7.50223e+03	-5.91522e+03	1.16325e+04	-7.62431e+03
2.3826	3.11853e+03	-1.87741e+03	4.99224e+03	-3.70672e+03	7.50223e+03	-5.91707e+03	1.16325e+04	-7.62431e+03
2.43154	3.11483e+03	-1.87371e+03	4.99039e+03	-3.70488e+03	7.50038e+03	-5.91522e+03	1.16325e+04	-7.62431e+03
2.463934	3.11853e+03	-1.87556e+03	4.99224e+03	-3.70303e+03	7.50223e+03	-5.91337e+03	1.16325e+04	-7.62431e+03
2.511934	3.11853e+03	-1.87556e+03	4.99039e+03	-3.70488e+03	7.50223e+03	-5.91522e+03	1.16325e+04	-7.62431e+03
2.543934	3.11853e+03	-1.87371e+03	4.99224e+03	-3.70488e+03	7.50038e+03	-5.91522e+03	1.16325e+04	-7.62431e+03
2.582555	3.11853e+03	-1.87926e+03	4.99224e+03	-3.70488e+03	7.50038e+03	-5.91522e+03	1.16344e+04	-7.62431e+03
2.640294	3.11483e+03	-1.87741e+03	4.99039e+03	-3.70303e+03	7.50223e+03	-5.91522e+03	1.16325e+04	-7.62431e+03
2.666524	3.11668e+03	-1.87371e+03	4.98854e+03	-3.70488e+03	7.50038e+03	-5.91522e+03	1.16325e+04	-7.62431e+03
2.71588	3.11668e+03	-1.87556e+03	4.99224e+03	-3.70488e+03	7.50223e+03	-5.91522e+03	1.16325e+04	-7.62431e+03
2.751916	3.11668e+03	-1.87556e+03	4.99039e+03	-3.70672e+03	7.50223e+03	-5.91522e+03	1.16344e+04	-7.62431e+03
2.799908	3.11483e+03	-1.87371e+03	4.99409e+03	-3.70488e+03	7.50038e+03	-5.91522e+03	1.16325e+04	-7.62431e+03
2.831443	3.11668e+03	-1.87371e+03	4.99224e+03	-3.70672e+03	7.50038e+03	-5.91522e+03	1.16344e+04	-7.62431e+03
2.87821	3.12038e+03	-1.87741e+03	4.99224e+03	-3.70488e+03	7.50038e+03	-5.91707e+03	1.16325e+04	-7.62431e+03
2.927912	3.11853e+03	-1.87741e+03	4.99224e+03	-3.70488e+03	7.50038e+03	-5.91522e+03	1.16325e+04	-7.62431e+03
2.951715	3.11483e+03	-1.87556e+03	4.99224e+03	-3.70488e+03	7.50038e+03	-5.91522e+03	1.16325e+04	-7.62431e+03
3.00014	3.11668e+03	-1.87556e+03	4.99409e+03	-3.70672e+03	7.50038e+03	-5.91522e+03	1.16325e+04	-7.62431e+03
3.033474	3.12038e+03	-1.87556e+03	4.99224e+03	-3.70488e+03	7.50038e+03	-5.91522e+03	1.16325e+04	-7.62431e+03
3.082595	3.12038e+03	-1.87926e+03	4.99224e+03	-3.70303e+03	7.50223e+03	-5.91522e+03	1.16325e+04	-7.62431e+03
3.115873	3.11853e+03	-1.87741e+03	4.99224e+03	-3.70488e+03	7.50223e+03	-5.91707e+03	1.16325e+04	-7.62431e+03
3.165464	3.11483e+03	-1.87926e+03	4.99224e+03	-3.70488e+03	7.50038e+03	-5.91522e+03	1.16344e+04	-7.62431e+03
3.215831	3.11668e+03	-1.87926e+03	4.99409e+03	-3.70672e+03	7.50038e+03	-5.91707e+03	1.16344e+04	-7.62431e+03
3.24389	3.11483e+03	-1.87371e+03	4.99224e+03	-3.70672e+03	7.50038e+03	-5.91707e+03	1.16325e+04	-7.62431e+03
3.294634	3.11668e+03	-1.87556e+03	4.99409e+03	-3.70488e+03	7.50038e+03	-5.91707e+03	1.16344e+04	-7.62431e+03
3.327913	3.11668e+03	-1.87741e+03	4.99224e+03	-3.70488e+03	7.50223e+03	-5.91707e+03	1.16344e+04	-7.62431e+03
3.375886	3.11483e+03	-1.87741e+03	4.99039e+03	-3.70488e+03	7.50038e+03	-5.91707e+03	1.16325e+04	-7.62431e+03
3.407501	3.11668e+03	-1.87741e+03	4.99039e+03	-3.70488e+03	7.50038e+03	-5.91522e+03	1.16325e+04	-7.62431e+03
3.455537	3.11668e+03	-1.88111e+03	4.99039e+03	-3.70672e+03	7.50038e+03	-5.91522e+03	1.16325e+04	-7.62431e+03
3.500348	3.11668e+03	-1.87556e+03	4.99224e+03	-3.70672e+03	7.50038e+03	-5.91522e+03	1.16325e+04	-7.62431e+03
3.533443	3.11853e+03	-1.87741e+03	4.99224e+03	-3.70488e+03	7.50038e+03	-5.91522e+03	1.16307e+04	-7.62431e+03
3.584016	3.11853e+03	-1.87556e+03	4.98854e+03	-3.70488e+03	7.50038e+03	-5.91522e+03	1.16307e+04	-7.62431e+03
3.615767	3.11853e+03	-1.87186e+03	4.99224e+03	-3.70672e+03	7.50038e+03	-5.91522e+03	1.16325e+04	-7.62431e+03
3.663864	3.11668e+03	-1.87371e+03	4.99039e+03	-3.70672e+03	7.50038e+03	-5.91522e+03	1.16344e+04	-7.62616e+03
3.691254	3.11668e+03	-1.87741e+03	4.99039e+03	-3.70488e+03	7.50038e+03	-5.91707e+03	1.16325e+04	-7.62431e+03
3.743865	3.11483e+03	-1.87556e+03	4.99039e+03	-3.70303e+03	7.50038e+03	-5.91707e+03	1.16325e+04	-7.62431e+03
3.787629	3.11483e+03	-1.87556e+03	4.99039e+03	-3.70488e+03	7.50038e+03	-5.91707e+03	1.16325e+04	-7.62616e+03
3.8158	3.11668e+03	-1.87556e+03	4.99039e+03	-3.70488e+03	7.50038e+03	-5.91522e+03	1.16325e+04	-7.62616e+03
3.865662	3.11853e+03	-1.87556e+03	4.99039e+03	-3.70303e+03	7.50038e+03	-5.91522e+03	1.16344e+04	-7.62616e+03
3.898996	3.11853e+03	-1.87556e+03	4.98854e+03	-3.70303e+03	7.50038e+03	-5.91707e+03	1.16344e+04	-7.62616e+03
3.951895	3.11483e+03	-1.87556e+03	4.98854e+03	-3.70672e+03	7.49853e+03	-5.91707e+03	1.16344e+04	-7.62616e+03
3.982424	3.11483e+03	-1.87556e+03	4.99039e+03	-3.70672e+03	7.50038e+03	-5.91707e+03	1.16344e+04	-7.62616e+03
4.03169	3.11668e+03	-1.87926e+03	4.99039e+03	-3.70488e+03	7.50038e+03	-5.91707e+03	1.16344e+04	-7.62616e+03
4.076971	3.11483e+03	-1.87556e+03	4.99039e+03	-3.70672e+03	7.50038e+03	-5.91522e+03	1.16325e+04	-7.62616e+03
4.111873	3.11853e+03	-1.87556e+03	4.98669e+03	-3.70488e+03	7.50038e+03	-5.91707e+03	1.16325e+04	-7.62616e+03
4.151628	3.12038e+03	-1.87556e+03	4.98854e+03	-3.70672e+03	7.50038e+03	-5.91707e+03	1.16344e+04	-7.62616e+03
4.18237	3.11668e+03	-1.87741e+03	4.99039e+03	-3.70488e+03	7.50038e+03	-5.91707e+03	1.16344e+04	-7.62616e+03
4.234319	3.11298e+03	-1.87556e+03	4.99039e+03	-3.70488e+03	7.50038e+03	-5.91522e+03	1.16325e+04	-7.62616e+03
4.265926	3.11668e+03	-1.87371e+03	4.98854e+03	-3.70488e+03	7.50038e+03	-5.91707e+03	1.16325e+04	-7.62616e+03
4.317006	3.11668e+03	-1.87556e+03	4.99039e+03	-3.70488e+03	7.49853e+03	-5.91707e+03	1.16325e+04	-7.62431e+03
4.365613	3.11668e+03	-1.87001e+03	4.99039e+03	-3.70488e+03	7.49853e+03	-5.91707e+03	1.16325e+04	-7.62431e+03
4.399885	3.11668e+03	-1.87371e+03	4.99224e+03	-3.70672e+03	7.49853e+03	-5.91707e+03	1.16344e+04	-7.62431e+03
4.448054	3.11668e+03	-1.87556e+03	4.98854e+03	-3.70488e+03	7.50038e+03	-5.91707e+03	1.16325e+04	-7.62616e+03
4.479876	3.11483e+03	-1.87741e+03	4.98854e+03	-3.70488e+03	7.50038e+03	-5.91522e+03	1.16325e+04	-7.62616e+03
4.52788	3.11853e+03	-1.87926e+03	4.99224e+03	-3.70488e+03	7.50038e+03	-5.91522e+03	1.16344e+04	-7.62616e+03
4.55979	3.11668e+03	-1.87556e+03	4.99039e+03	-3.70488e+03	7.50038e+03	-5.91707e+03	1.16344e+04	-7.62431e+03
4.599945	3.11483e+03	-1.87556e+03	4.99039e+03	-3.70488e+03	7.50038e+03	-5.91707e+03	1.16325e+04	-7.62616e+03
4.655713	3.11668e+03	-1.87741e+03	4.99039e+03	-3.70488e+03	7.50038e+03	-5.91707e+03	1.16325e+04	-7.62431e+03
4.682287	3.11483e+03	-1.87556e+03	4.99224e+03	-3.70488e+03	7.49853e+03	-5.91707e+03	1.16344e+04	-7.62431e+03
4.732306	3.11483e+03	-1.87556e+03	4.99224e+03	-3.70488e+03	7.49853e+03	-5.91707e+03	1.16325e+04	-7.62616e+03
4.765449	3.11853e+03	-1.87926e+03	4.99039e+03	-3.70488e+03	7.50038e+03	-5.91707e+03	1.16325e+04	-7.62616e+03
4.815053	3.11668e+03	-1.87556e+03	4.99039e+03	-3.70488e+03	7.50038e+03	-5.91707e+03	1.16325e+04	-7.62431e+03
4.847938	3.11668e+03	-1.87926e+03	4.99224e+03	-3.70672e+03	7.50038e+03	-5.91707e+03	1.16344e+04	-7.62616e+03
4.893316	3.11668e+03	-1.87556e+03	4.99039e+03	-3.70488e+03	7.50038e+03	-5.91707e+03	1.16344e+04	-7.62616e+03
4.943846	3.11483e+03	-1.87741e+03	4.99039e+03	-3.70488e+03	7.50038e+03	-5.91707e+03	1.16344e+04	-7.62616e+03
4.966577	3.11668e+03	-1.87741e+03	4.99039e+03	-3.70672e+03	7.50038e+03	-5.91707e+03	1.16344e+04	-7.62616e+03
5.015536	3.11668e+03	-1.87926e+03	4.99039e+03	-3.70672e+03	7.50038e+03	-5.91707e+03	1.16325e+04	-7.62616e+03
5.053062	3.11853e+03	-1.87741e+03	4.99039e+03	-3.70488e+03	7.50038e+03	-5.91707e+03	1.16325e+04	-7.62616e+03
5.098949	3.11668e+03	-1.87741e+03	4.98854e+03	-3.70488e+03	7.50038e+03	-5.91707e+03	1.16325e+04	-7.62616e+03
5.132297	3.11483e+03	-1.87371e+03	4.98854e+03	-3.70488e+03	7.50038e+03	-5.91707e+03	1.16325e+04	-7.62616e+03
5.18385	3.11668e+03	-1.87371e+03	4.99039e+03	-3.70303e+03	7.50038e+03	-5.91522e+03	1.16325e+04	-7.62616e+03
5.231265	3.11853e+03	-1.87556e+03	4.98854e+03	-3.70488e+03	7.50038e+03	-5.91707e+03	1.16344e+04	-7.62616e+03
5.263108	3.11853e+03	-1.87556e+03	4.99039e+03	-3.70303e+03	7.50038e+03	-5.91522e+03	1.16325e+04	-7.62616e+03
5.311857	3.11853e+03	-1.87556e+03	4.99224e+03	-3.70488e+03	7.50038e+03	-5.91707e+03	1.16325e+04	-7.62616e+03
5.33802	3.11853e+03	-1.87741e+03	4.99039e+03	-3.70488e+03	7.50038e+03	-5.91707e+03	1.16344e+04	-7.62616e+03
5.383182	3.11668e+03	-1.87556e+03	4.99039e+03	-3.70488e+03	7.49853e+03	-5.91707e+03	1.16325e+04	-7.62431e+03
5.416512	3.11298e+03	-1.87371e+03	4.99224e+03	-3.70488e+03	7.49853e+03	-5.91707e+03	1.16344e+04	-7.62616e+03
5.46653	3.11668e+03	-1.87741e+03	4.99039e+03	-3.70672e+03	7.50038e+03	-5.91522e+03	1.16325e+04	-7.62616e+03
5.519775	3.11668e+03	-1.87926e+03	4.99039e+03	-3.70488e+03	7.50038e+03	-5.91707e+03	1.16325e+04	-7.62616e+03
5.551836	3.11298e+03	-1.87556e+03	4.98669e+03	-3.70488e+03	7.50038e+03	-5.91522e+03	1.16325e+04	-7.62616e+03
5.599842	3.11668e+03	-1.87741e+03	4.98854e+03	-3.70303e+03	7.50038e+03	-5.91892e+03	1.16325e+04	-7.62616e+03
5.631168	3.11483e+03	-1.87556e+03	4.99224e+03	-3.70303e+03	7.50038e+03	-5.91707e+03	1.16325e+04	-7.62616e+03
5.676999	3.11483e+03	-1.87556e+03	4.99224e+03	-3.70303e+03	7.50038e+03	-5.91707e+03	1.16325e+04	-7.62801e+03
5.711828	3.11483e+03	-1.87371e+03	4.99224e+03	-3.70303e+03	7.50038e+03	-5.91707e+03	1.16344e+04	-7.62616e+03
5.752969	3.11483e+03	-1.87556e+03	4.98854e+03	-3.70488e+03	7.50038e+03	-5.91707e+03	1.16325e+04	-7.62616e+03
5.799211	3.11298e+03	-1.87556e+03	4.98669e+03	-3.70488e+03	7.50038e+03	-5.91707e+03	1.16325e+04	-7.62616e+03
5.83998	3.11668e+03	-1.87741e+03	4.98669e+03	-3.70672e+03	7.50038e+03	-5.91707e+03	1.16325e+04	-7.62616e+03
5.883167	3.11668e+03	-1.87926e+03	4.98669e+03	-3.70488e+03	7.49853e+03	-5.91707e+03	1.16325e+04	-7.62616e+03
5.916442	3.11668e+03	-1.87556e+03	4.98854e+03	-3.70488e+03	7.49853e+03	-5.91707e+03	1.16325e+04	-7.62616e+03
5.967846	3.11668e+03	-1.87371e+03	4.98669e+03	-3.70488e+03	7.50038e+03	-5.91707e+03	1.16325e+04	-7.62616e+03
5.999819	3.11483e+03	-1.87371e+03	4.98854e+03	-3.70488e+03	7.49853e+03	-5.91707e+03	1.16325e+04	-7.62616e+03
6.04784	3.11483e+03	-1.87371e+03	4.98854e+03	-3.70672e+03	7.49853e+03	-5.91707e+03	1.16325e+04	-7.62616e+03
6.095819	3.11668e+03	-1.87556e+03	4.98669e+03	-3.70488e+03	7.50038e+03	-5.91707e+03	1.16325e+04	-7.62616e+03
6.127664	3.11668e+03	-1.87741e+03	4.98854e+03	-3.70488e+03	7.49853e+03	-5.91707e+03	1.16325e+04	-7.62616e+03
6.166405	3.11668e+03	-1.87926e+03	4.99039e+03	-3.70488e+03	7.50038e+03	-5.91707e+03	1.16325e+04	-7.62616e+03
6.198812	3.11668e+03	-1.87926e+03	4.98854e+03	-3.70488e+03	7.50038e+03	-5.91707e+03	1.16325e+04	-7.62616e+03
6.252264	3.11668e+03	-1.87741e+03	4.98854e+03	-3.70303e+03	7.49853e+03	-5.91892e+03	1.16325e+04	-7.62616e+03
6.282051	3.11668e+03	-1.87741e+03	4.98854e+03	-3.70488e+03	7.50038e+03	-5.91707e+03	1.16325e+04	-7.62616e+03
6.335815	3.11298e+03	-1.87741e+03	4.98669e+03	-3.70488e+03	7.49853e+03	-5.91707e+03	1.16325e+04	-7.62616e+03
6.383078	3.11298e+03	-1.87741e+03	4.98854e+03	-3.70488e+03	7.50038e+03	-5.91707e+03	1.16325e+04	-7.62616e+03
6.415786	3.11483e+03	-1.87926e+03	4.98854e+03	-3.70488e+03	7.50038e+03	-5.91707e+03	1.16325e+04	-7.62616e+03
6.454021	3.11668e+03	-1.87371e+03	4.98854e+03	-3.70672e+03	7.49853e+03	-5.91707e+03	1.16325e+04	-7.62431e+03
6.49319	3.11483e+03	-1.87741e+03	4.99039e+03	-3.70672e+03	7.50038e+03	-5.91707e+03	1.16325e+04	-7.62616e+03
6.543182	3.11668e+03	-1.87556e+03	4.99039e+03	-3.70488e+03	7.50038e+03	-5.91707e+03	1.16325e+04	-7.62616e+03
6.575815	3.11668e+03	-1.87556e+03	4.98854e+03	-3.70303e+03	7.49853e+03	-5.91707e+03	1.16325e+04	-7.62616e+03
6.616947	3.11668e+03	-1.87371e+03	4.99039e+03	-3.70488e+03	7.49853e+03	-5.91707e+03	1.16325e+04	-7.62616e+03
6.666168	3.11668e+03	-1.87371e+03	4.99039e+03	-3.70488e+03	7.49853e+03	-5.91707e+03	1.16325e+04	-7.62431e+03
6.69878	3.11483e+03	-1.87186e+03	4.98854e+03	-3.70488e+03	7.50038e+03	-5.91892e+03	1.16325e+04	-7.62616e+03
6.74874	3.11668e+03	-1.87371e+03	4.99039e+03	-3.70672e+03	7.49853e+03	-5.91707e+03	1.16325e+04	-7.62616e+03
6.782064	3.11668e+03	-1.87741e+03	4.99039e+03	-3.70672e+03	7.50038e+03	-5.91707e+03	1.16325e+04	-7.62616e+03
6.831017	3.11668e+03	-1.87371e+03	4.98854e+03	-3.70672e+03	7.49853e+03	-5.91522e+03	1.16325e+04	-7.62616e+03
6.864092	3.11483e+03	-1.87371e+03	4.99039e+03	-3.70488e+03	7.49853e+03	-5.91522e+03	1.16307e+04	-7.62431e+03
6.911808	3.11483e+03	-1.87186e+03	4.99039e+03	-3.70303e+03	7.49853e+03	-5.91522e+03	1.16325e+04	-7.62431e+03
6.943242	3.11668e+03	-1.87556e+03	4.98854e+03	-3.70488e+03	7.50038e+03	-5.91707e+03	1.16325e+04	-7.62616e+03
6.982037	3.11483e+03	-1.87371e+03	4.99039e+03	-3.70303e+03	7.50038e+03	-5.91522e+03	1.16325e+04	-7.62616e+03
7.032016	3.11668e+03	-1.87741e+03	4.99039e+03	-3.70488e+03	7.50038e+03	-5.91522e+03	1.16325e+04	-7.62431e+03
7.067494	3.11483e+03	-1.87741e+03	4.99039e+03	-3.70488e+03	7.50038e+03	-5.91707e+03	1.16325e+04	-7.62616e+03
7.115363	3.11668e+03	-1.87741e+03	4.99039e+03	-3.70672e+03	7.49853e+03	-5.91707e+03	1.16325e+04	-7.62616e+03
7.148678	3.11668e+03	-1.87556e+03	4.99039e+03	-3.70672e+03	7.49853e+03	-5.91707e+03	1.16325e+04	-7.62616e+03
7.19863	3.11668e+03	-1.87556e+03	4.99039e+03	-3.70303e+03	7.50038e+03	-5.91522e+03	1.16325e+04	-7.62431e+03
7.231022	3.11853e+03	-1.87371e+03	4.99039e+03	-3.70488e+03	7.49853e+03	-5.91707e+03	1.16325e+04	-7.62616e+03
7.278911	3.11668e+03	-1.87556e+03	4.99224e+03	-3.70488e+03	7.50038e+03	-5.91522e+03	1.16325e+04	-7.62431e+03
7.327858	3.11668e+03	-1.87186e+03	4.99039e+03	-3.70488e+03	7.49853e+03	-5.91707e+03	1.16307e+04	-7.62616e+03
7.353297	3.11668e+03	-1.87371e+03	4.99039e+03	-3.70488e+03	7.49853e+03	-5.91707e+03	1.16325e+04	-7.62616e+03
7.406837	3.11668e+03	-1.87556e+03	4.99039e+03	-3.70672e+03	7.50038e+03	-5.91707e+03	1.16307e+04	-7.62431e+03
7.433114	3.11483e+03	-1.87371e+03	4.99039e+03	-3.70488e+03	7.49853e+03	-5.91707e+03	1.16325e+04	-7.62431e+03
7.481965	3.11853e+03	-1.87371e+03	4.98854e+03	-3.70488e+03	7.50038e+03	-5.91707e+03	1.16325e+04	-7.62616e+03
7.516294	3.11668e+03	-1.87371e+03	4.98854e+03	-3.70488e+03	7.50038e+03	-5.91522e+03	1.16325e+04	-7.62616e+03
7.565352	3.11483e+03	-1.87186e+03	4.98854e+03	-3.70488e+03	7.49853e+03	-5.91707e+03	1.16325e+04	-7.62616e+03
7.615242	3.11668e+03	-1.87556e+03	4.98854e+03	-3.70488e+03	7.50038e+03	-5.91707e+03	1.16325e+04	-7.62616e+03
7.648028	3.11483e+03	-1.87186e+03	4.98854e+03	-3.70672e+03	7.49853e+03	-5.91707e+03	1.16325e+04	-7.62616e+03
7.693371	3.11298e+03	-1.87371e+03	4.98854e+03	-3.70488e+03	7.49853e+03	-5.91707e+03	1.16325e+04	-7.62616e+03
7.725171	3.11853e+03	-1.87371e+03	4.99039e+03	-3.70488e+03	7.49853e+03	-5.91707e+03	1.16325e+04	-7.62616e+03
7.766203	3.11668e+03	-1.87741e+03	4.98854e+03	-3.70672e+03	7.49853e+03	-5.91707e+03	1.16325e+04	-7.62616e+03
7.79863	3.11668e+03	-1.87556e+03	4.98669e+03	-3.70672e+03	7.49853e+03	-5.91707e+03	1.16325e+04	-7.62616e+03
7.853126	3.11483e+03	-1.87741e+03	4.98854e+03	-3.70488e+03	7.49853e+03	-5.91707e+03	1.16325e+04	-7.62616e+03
7.899667	3.11483e+03	-1.87556e+03	4.99224e+03	-3.70303e+03	7.50038e+03	-5.91707e+03	1.16325e+04	-7.62616e+03
7.931591	3.11668e+03	-1.87371e+03	4.98854e+03	-3.70488e+03	7.50038e+03	-5.91707e+03	1.16325e+04	-7.62616e+03
7.981838	3.11668e+03	-1.87371e+03	4.98854e+03	-3.70488e+03	7.50038e+03	-5.91707e+03	1.16325e+04	-7.62616e+03
8.015238	3.11668e+03	-1.87186e+03	4.98854e+03	-3.70488e+03	7.50038e+03	-5.91707e+03	1.16325e+04	-7.62616e+03
8.054714	3.11298e+03	-1.87556e+03	4.98854e+03	-3.70303e+03	7.49853e+03	-5.91522e+03	1.16325e+04	-7.62616e+03
8.093085	3.11668e+03	-1.87556e+03	4.99039e+03	-3.70488e+03	7.50038e+03	-5.91707e+03	1.16325e+04	-7.62431e+03
8.143765	3.11853e+03	-1.87926e+03	4.99224e+03	-3.70488e+03	7.49853e+03	-5.91707e+03	1.16307e+04	-7.62616e+03
8.191765	3.11483e+03	-1.87556e+03	4.99039e+03	-3.70488e+03	7.49853e+03	-5.91707e+03	1.16325e+04	-7.62616e+03
8.216231	3.11483e+03	-1.87556e+03	4.98854e+03	-3.70488e+03	7.49853e+03	-5.91522e+03	1.16325e+04	-7.62616e+03
8.265824	3.11483e+03	-1.87556e+03	4.98854e+03	-3.70488e+03	7.49853e+03	-5.91522e+03	1.16325e+04	-7.62616e+03
8.298597	3.11483e+03	-1.87556e+03	4.98854e+03	-3.70488e+03	7.49853e+03	-5.91707e+03	1.16307e+04	-7.62616e+03
8.349532	3.11853e+03	-1.87371e+03	4.98854e+03	-3.70672e+03	7.49853e+03	-5.91707e+03	1.16325e+04	-7.62616e+03
8.383756	3.11668e+03	-1.87741e+03	4.98854e+03	-3.70488e+03	7.49853e+03	-5.91707e+03	1.16307e+04	-7.62616e+03
8.431868	3.11668e+03	-1.87371e+03	4.99039e+03	-3.70488e+03	7.49853e+03	-5.91522e+03	1.16325e+04	-7.62616e+03
8.479747	3.12038e+03	-1.87186e+03	4.99039e+03	-3.70488e+03	7.49853e+03	-5.91707e+03	1.16325e+04	-7.62616e+03
8.511513	3.11668e+03	-1.87556e+03	4.98854e+03	-3.70488e+03	7.49853e+03	-5.91707e+03	1.16307e+04	-7.62616e+03
8.554058	3.11853e+03	-1.87371e+03	4.99039e+03	-3.70488e+03	7.49853e+03	-5.91707e+03	1.16325e+04	-7.62616e+03
8.582796	3.11668e+03	-1.87556e+03	4.99039e+03	-3.70488e+03	7.50038e+03	-5.91707e+03	1.16325e+04	-7.62616e+03
8.631901	3.11483e+03	-1.87371e+03	4.99039e+03	-3.70303e+03	7.49853e+03	-5.91522e+03	1.16325e+04	-7.62801e+03
8.671307	3.11853e+03	-1.87556e+03	4.98854e+03	-3.70488e+03	7.50038e+03	-5.91707e+03	1.16325e+04	-7.62616e+03
8.7196	3.11668e+03	-1.87556e+03	4.99039e+03	-3.70303e+03	7.49853e+03	-5.91707e+03	1.16325e+04	-7.62616e+03
8.7649	3.11668e+03	-1.87371e+03	4.99039e+03	-3.70488e+03	7.49853e+03	-5.91707e+03	1.16325e+04	-7.62616e+03
8.798434	3.11483e+03	-1.87001e+03	4.99039e+03	-3.70488e+03	7.49853e+03	-5.91707e+03	1.16325e+04	-7.62616e+03
8.847444	3.11298e+03	-1.87741e+03	4.98854e+03	-3.70488e+03	7.49853e+03	-5.91707e+03	1.16325e+04	-7.62616e+03
8.877649	3.11483e+03	-1.87556e+03	4.98854e+03	-3.70303e+03	7.49853e+03	-5.91707e+03	1.16325e+04	-7.62616e+03
8.926333	3.11668e+03	-1.87371e+03	4.99039e+03	-3.70303e+03	7.49853e+03	-5.91707e+03	1.16325e+04	-7.62616e+03
8.954494	3.11853e+03	-1.87556e+03	4.98854e+03	-3.70303e+03	7.49853e+03	-5.91707e+03	1.16325e+04	-7.62616e+03
8.998277	3.11668e+03	-1.87926e+03	4.98854e+03	-3.70488e+03	7.50038e+03	-5.91707e+03	1.16325e+04	-7.62616e+03
9.055731	3.11483e+03	-1.88111e+03	4.98854e+03	-3.70488e+03	7.49853e+03	-5.91707e+03	1.16325e+04	-7.62616e+03
9.083843	3.11483e+03	-1.87926e+03	4.98854e+03	-3.70488e+03	7.49853e+03	-5.91707e+03	1.16325e+04	-7.62616e+03
9.131779	3.11483e+03	-1.87371e+03	4.99039e+03	-3.70488e+03	7.49668e+03	-5.91707e+03	1.16325e+04	-7.62616e+03
9.166074	3.11668e+03	-1.87556e+03	4.99039e+03	-3.70488e+03	7.49853e+03	-5.91892e+03	1.16325e+04	-7.62616e+03
9.215793	3.11483e+03	-1.87556e+03	4.98854e+03	-3.70488e+03	7.49853e+03	-5.91707e+03	1.16325e+04	-7.62616e+03
9.247401	3.11483e+03	-1.87371e+03	4.98854e+03	-3.70672e+03	7.49853e+03	-5.91707e+03	1.16325e+04	-7.62431e+03
9.292824	3.11853e+03	-1.87556e+03	4.98854e+03	-3.70488e+03	7.49853e+03	-5.91707e+03	1.16325e+04	-7.62616e+03
9.342861	3.11853e+03	-1.87371e+03	4.98854e+03	-3.70488e+03	7.49853e+03	-5.91707e+03	1.16325e+04	-7.62616e+03
9.366086	3.11483e+03	-1.87186e+03	4.99039e+03	-3.70488e+03	7.49853e+03	-5.91707e+03	1.16325e+04	-7.62616e+03
9.415114	3.11483e+03	-1.87371e+03	4.99039e+03	-3.70303e+03	7.50038e+03	-5.91707e+03	1.16325e+04	-7.62616e+03
9.455715	3.11668e+03	-1.87371e+03	4.99039e+03	-3.70488e+03	7.49853e+03	-5.91707e+03	1.16325e+04	-7.62616e+03
9.499408	3.11668e+03	-1.87556e+03	4.99224e+03	-3.70672e+03	7.49853e+03	-5.91707e+03	1.16325e+04	-7.62616e+03
9.53267	3.11483e+03	-1.87556e+03	4.99039e+03	-3.70488e+03	7.49853e+03	-5.91707e+03	1.16325e+04	-7.62616e+03
9.581756	3.11483e+03	-1.87371e+03	4.99039e+03	-3.70488e+03	7.50038e+03	-5.91707e+03	1.16325e+04	-7.62616e+03
9.631673	3.11483e+03	-1.87371e+03	4.99039e+03	-3.70488e+03	7.49853e+03	-5.91707e+03	1.16325e+04	-7.62616e+03
9.66408	3.11668e+03	-1.87556e+03	4.99039e+03	-3.70488e+03	7.49853e+03	-5.91707e+03	1.16325e+04	-7.62616e+03
9.711713	3.11668e+03	-1.87556e+03	4.98854e+03	-3.70672e+03	7.49853e+03	-5.91707e+03	1.16307e+04	-7.62616e+03
9.743862	3.11113e+03	-1.87741e+03	4.98854e+03	-3.70672e+03	7.49853e+03	-5.91707e+03	1.16325e+04	-7.62616e+03
9.782675	3.11483e+03	-1.87556e+03	4.98854e+03	-3.70488e+03	7.49853e+03	-5.91707e+03	1.16307e+04	-7.62616e+03
9.821534	3.11483e+03	-1.87556e+03	4.98854e+03	-3.70488e+03	7.49853e+03	-5.91707e+03	1.16325e+04	-7.62616e+03
9.865788	3.11298e+03	-1.87371e+03	4.99039e+03	-3.70303e+03	7.49853e+03	-5.91707e+03	1.16325e+04	-7.62616e+03
9.915005	3.11483e+03	-1.87556e+03	4.99039e+03	-3.70303e+03	7.49853e+03	-5.91707e+03	1.16325e+04	-7.62616e+03
9.948415	3.11483e+03	-1.87371e+03	4.98854e+03	-3.70488e+03	7.49853e+03	-5.91707e+03	1.16325e+04	-7.62616e+03
9.99971	3.11668e+03	-1.87556e+03	4.98854e+03	-3.70488e+03	7.49853e+03	-5.91707e+03	1.16325e+04	-7.62801e+03
10.03182	3.11668e+03	-1.87741e+03	4.99039e+03	-3.70488e+03	7.49853e+03	-5.91707e+03	1.16325e+04	-7.62616e+03
10.077002	3.11483e+03	-1.87186e+03	4.98854e+03	-3.70488e+03	7.49853e+03	-5.91707e+03	1.16325e+04	-7.62616e+03
10.110483	3.11668e+03	-1.87371e+03	4.99039e+03	-3.70488e+03	7.49853e+03	-5.91707e+03	1.16325e+04	-7.62616e+03
10.159689	3.11668e+03	-1.87371e+03	4.99039e+03	-3.70672e+03	7.49853e+03	-5.91707e+03	1.16325e+04	-7.62616e+03
10.199321	3.11298e+03	-1.87371e+03	4.98854e+03	-3.70488e+03	7.49853e+03	-5.91707e+03	1.16325e+04	-7.62616e+03
10.232653	3.11668e+03	-1.87556e+03	4.98854e+03	-3.70488e+03	7.49853e+03	-5.91892e+03	1.16325e+04	-7.62801e+03
10.28165	3.11668e+03	-1.87556e+03	4.98854e+03	-3.70488e+03	7.49853e+03	-5.91892e+03	1.16325e+04	-7.62616e+03
10.314985	3.11298e+03	-1.87741e+03	4.98669e+03	-3.70488e+03	7.49853e+03	-5.91707e+03	1.16325e+04	-7.62801e+03
10.367698	3.11853e+03	-1.87556e+03	4.98854e+03	-3.70488e+03	7.49853e+03	-5.91707e+03	1.16325e+04	-7.62616e+03
10.399696	3.11853e+03	-1.87556e+03	4.98854e+03	-3.70672e+03	7.49853e+03	-5.91707e+03	1.16325e+04	-7.62801e+03
10.447275	3.11483e+03	-1.87741e+03	4.98854e+03	-3.70303e+03	7.49853e+03	-5.91707e+03	1.16325e+04	-7.62801e+03
10.493883	3.11483e+03	-1.87741e+03	4.98669e+03	-3.70488e+03	7.49853e+03	-5.91892e+03	1.16325e+04	-7.62616e+03
10.527691	3.11483e+03	-1.87556e+03	4.98854e+03	-3.70488e+03	7.49853e+03	-5.91707e+03	1.16325e+04	-7.62616e+03
10.567906	3.11298e+03	-1.87371e+03	4.98854e+03	-3.70672e+03	7.49853e+03	-5.91707e+03	1.16325e+04	-7.62616e+03
10.599136	3.11298e+03	-1.88111e+03	4.99039e+03	-3.70488e+03	7.49853e+03	-5.91892e+03	1.16325e+04	-7.62801e+03
10.655921	3.11298e+03	-1.87741e+03	4.98854e+03	-3.70303e+03	7.49853e+03	-5.91707e+03	1.16325e+04	-7.62616e+03
10.681626	3.11113e+03	-1.87001e+03	4.98854e+03	-3.70488e+03	7.49668e+03	-5.91707e+03	1.16325e+04	-7.62616e+03
10.731563	3.11483e+03	-1.87186e+03	4.98854e+03	-3.70488e+03	7.49853e+03	-5.91707e+03	1.16325e+04	-7.62801e+03
10.781627	3.11483e+03	-1.87371e+03	4.98854e+03	-3.70672e+03	7.49853e+03	-5.91707e+03	1.16307e+04	-7.62616e+03
10.815693	3.11483e+03	-1.87371e+03	4.98854e+03	-3.70672e+03	7.49668e+03	-5.91707e+03	1.16325e+04	-7.62616e+03
10.86188	3.11668e+03	-1.87371e+03	4.99039e+03	-3.70672e+03	7.49853e+03	-5.91892e+03	1.16325e+04	-7.62616e+03
10.895671	3.11483e+03	-1.87371e+03	4.99039e+03	-3.70488e+03	7.49853e+03	-5.91707e+03	1.16325e+04	-7.62801e+03
10.941352	3.11483e+03	-1.87741e+03	4.99039e+03	-3.70488e+03	7.49853e+03	-5.91892e+03	1.16325e+04	-7.62801e+03
10.968077	3.11668e+03	-1.88111e+03	4.98854e+03	-3.70488e+03	7.49853e+03	-5.91707e+03	1.16325e+04	-7.62801e+03
11.014862	3.11668e+03	-1.87556e+03	4.98854e+03	-3.70488e+03	7.49853e+03	-5.91707e+03	1.16307e+04	-7.62616e+03
11.064873	3.11298e+03	-1.87556e+03	4.99039e+03	-3.70488e+03	7.49853e+03	-5.91707e+03	1.16325e+04	-7.62616e+03
11.098195	3.11668e+03	-1.87926e+03	4.98854e+03	-3.70672e+03	7.49853e+03	-5.91707e+03	1.16307e+04	-7.62616e+03
11.148143	3.11668e+03	-1.87556e+03	4.98854e+03	-3.70488e+03	7.49853e+03	-5.91707e+03	1.16307e+04	-7.62616e+03
11.18246	3.11483e+03	-1.87556e+03	4.99039e+03	-3.70488e+03	7.49853e+03	-5.91707e+03	1.16307e+04	-7.62616e+03
11.231671	3.11298e+03	-1.87741e+03	4.99039e+03	-3.70672e+03	7.49853e+03	-5.91707e+03	1.16307e+04	-7.62616e+03
11.26376	3.11298e+03	-1.87741e+03	4.98669e+03	-3.70488e+03	7.49853e+03	-5.91707e+03	1.16325e+04	-7.62616e+03
11.309331	3.11668e+03	-1.87741e+03	4.98669e+03	-3.70672e+03	7.49853e+03	-5.91707e+03	1.16325e+04	-7.62616e+03
11.358337	3.11668e+03	-1.87371e+03	4.98854e+03	-3.70672e+03	7.49853e+03	-5.91707e+03	1.16325e+04	-7.62616e+03
11.391631	3.11483e+03	-1.87556e+03	4.98854e+03	-3.70488e+03	7.49668e+03	-5.91892e+03	1.16325e+04	-7.62616e+03
11.432491	3.11298e+03	-1.87371e+03	4.98854e+03	-3.70488e+03	7.49853e+03	-5.91707e+03	1.16307e+04	-7.62616e+03
11.46688	3.11668e+03	-1.87186e+03	4.99039e+03	-3.70672e+03	7.49853e+03	-5.91707e+03	1.16307e+04	-7.62616e+03
11.514821	3.11298e+03	-1.87186e+03	4.98854e+03	-3.70488e+03	7.49668e+03	-5.91707e+03	1.16307e+04	-7.62616e+03
11.549171	3.11668e+03	-1.87186e+03	4.98854e+03	-3.70488e+03	7.49853e+03	-5.91707e+03	1.16325e+04	-7.62616e+03
11.599654	3.11483e+03	-1.87556e+03	4.99039e+03	-3.70488e+03	7.49853e+03	-5.91892e+03	1.16307e+04	-7.62616e+03
11.631671	3.11483e+03	-1.87556e+03	4.99039e+03	-3.70488e+03	7.49668e+03	-5.91707e+03	1.16307e+04	-7.62616e+03
11.6756	3.11483e+03	-1.87741e+03	4.99039e+03	-3.70488e+03	7.49853e+03	-5.91707e+03	1.16307e+04	-7.62616e+03
11.727649	3.11483e+03	-1.87556e+03	4.99039e+03	-3.70672e+03	7.49668e+03	-5.91707e+03	1.16307e+04	-7.62616e+03
11.759654	3.11668e+03	-1.87186e+03	4.99039e+03	-3.70672e+03	7.49853e+03	-5.91707e+03	1.16325e+04	-7.62616e+03
11.799135	3.11668e+03	-1.87556e+03	4.98854e+03	-3.70488e+03	7.49853e+03	-5.91892e+03	1.16307e+04	-7.62801e+03
11.831483	3.11483e+03	-1.87741e+03	4.98854e+03	-3.70488e+03	7.49668e+03	-5.91892e+03	1.16307e+04	-7.62616e+03
11.888199	3.11483e+03	-1.87186e+03	4.98854e+03	-3.70488e+03	7.49853e+03	-5.91707e+03	1.16325e+04	-7.62616e+03
11.914794	3.11668e+03	-1.87556e+03	4.98854e+03	-3.70488e+03	7.49853e+03	-5.91892e+03	1.16307e+04	-7.62616e+03
11.965514	3.11483e+03	-1.87741e+03	4.98854e+03	-3.70488e+03	7.49853e+03	-5.91707e+03	1.16325e+04	-7.62616e+03
12.015626	3.11298e+03	-1.87741e+03	4.98669e+03	-3.70672e+03	7.49853e+03	-5.91707e+03	1.16325e+04	-7.62616e+03
12.047082	3.11483e+03	-1.87741e+03	4.98669e+03	-3.70672e+03	7.49853e+03	-5.91892e+03	1.16325e+04	-7.62616e+03
12.093484	3.11483e+03	-1.87371e+03	4.98854e+03	-3.70488e+03	7.49853e+03	-5.91707e+03	1.16325e+04	-7.62616e+03
12.127628	3.11668e+03	-1.87556e+03	4.98854e+03	-3.70488e+03	7.49668e+03	-5.91707e+03	1.16307e+04	-7.62616e+03
12.172495	3.11853e+03	-1.87556e+03	4.98854e+03	-3.70488e+03	7.49853e+03	-5.91707e+03	1.16325e+04	-7.62616e+03
12.198263	3.11483e+03	-1.87741e+03	4.98854e+03	-3.70488e+03	7.49853e+03	-5.91707e+03	1.16325e+04	-7.62616e+03
12.248029	3.11483e+03	-1.87556e+03	4.98854e+03	-3.70488e+03	7.49853e+03	-5.91707e+03	1.16307e+04	-7.62616e+03
12.298098	3.11668e+03	-1.87741e+03	4.98854e+03	-3.70303e+03	7.49853e+03	-5.91707e+03	1.16307e+04	-7.62616e+03
12.33236	3.11668e+03	-1.87371e+03	4.98854e+03	-3.70488e+03	7.49853e+03	-5.91707e+03	1.16307e+04	-7.62616e+03
12.38134	3.11668e+03	-1.87371e+03	4.98854e+03	-3.70672e+03	7.49668e+03	-5.91707e+03	1.16307e+04	-7.62616e+03
12.415633	3.11483e+03	-1.87926e+03	4.99039e+03	-3.70672e+03	7.49853e+03	-5.91707e+03	1.16307e+04	-7.62616e+03
12.463629	3.11483e+03	-1.87556e+03	4.98854e+03	-3.70488e+03	7.49853e+03	-5.91707e+03	1.16325e+04	-7.62616e+03
12.49527	3.11483e+03	-1.87556e+03	4.99039e+03	-3.70488e+03	7.49853e+03	-5.91707e+03	1.16307e+04	-7.62616e+03
12.54347	3.11668e+03	-1.87001e+03	4.98854e+03	-3.70488e+03	7.49853e+03	-5.91707e+03	1.16307e+04	-7.62616e+03
12.591611	3.11483e+03	-1.87001e+03	4.98854e+03	-3.70303e+03	7.49853e+03	-5.91707e+03	1.16307e+04	-7.62616e+03
12.615702	3.11298e+03	-1.87371e+03	4.99039e+03	-3.70488e+03	7.49668e+03	-5.91707e+03	1.16325e+04	-7.62616e+03
12.665655	3.11483e+03	-1.87556e+03	4.98854e+03	-3.70672e+03	7.49853e+03	-5.91707e+03	1.16325e+04	-7.62616e+03
12.69867	3.11483e+03	-1.87371e+03	4.99039e+03	-3.70488e+03	7.49668e+03	-5.91707e+03	1.16307e+04	-7.62801e+03
12.748999	3.11668e+03	-1.87186e+03	4.99039e+03	-3.70488e+03	7.49668e+03	-5.91892e+03	1.16307e+04	-7.62616e+03
12.781326	3.11668e+03	-1.87556e+03	4.98854e+03	-3.70488e+03	7.49853e+03	-5.91707e+03	1.16307e+04	-7.62801e+03
12.831612	3.11298e+03	-1.87371e+03	4.98854e+03	-3.70488e+03	7.49853e+03	-5.91892e+03	1.16307e+04	-7.62616e+03
12.879614	3.11298e+03	-1.87741e+03	4.98854e+03	-3.70488e+03	7.49668e+03	-5.91892e+03	1.16307e+04	-7.62801e+03
12.91098	3.11483e+03	-1.87186e+03	4.98854e+03	-3.70672e+03	7.49853e+03	-5.91892e+03	1.16325e+04	-7.62616e+03
12.95948	3.11483e+03	-1.87371e+03	4.98854e+03	-3.70488e+03	7.49853e+03	-5.91707e+03	1.16307e+04	-7.62616e+03
12.99159	3.11668e+03	-1.87556e+03	4.98669e+03	-3.70488e+03	7.49853e+03	-5.91707e+03	1.16325e+04	-7.62616e+03
13.032045	3.11668e+03	-1.87741e+03	4.98669e+03	-3.70488e+03	7.49668e+03	-5.91707e+03	1.16307e+04	-7.62616e+03
13.066821	3.11483e+03	-1.87371e+03	4.98854e+03	-3.70303e+03	7.49668e+03	-5.91522e+03	1.16307e+04	-7.62616e+03
13.114604	3.11668e+03	-1.87186e+03	4.99039e+03	-3.70488e+03	7.49853e+03	-5.91707e+03	1.16325e+04	-7.62801e+03
13.16462	3.11668e+03	-1.87186e+03	4.99039e+03	-3.70488e+03	7.49853e+03	-5.91707e+03	1.16307e+04	-7.62616e+03
13.197928	3.11483e+03	-1.87371e+03	4.98854e+03	-3.70303e+03	7.49668e+03	-5.91707e+03	1.16325e+04	-7.62616e+03
13.246777	3.11668e+03	-1.87556e+03	4.98669e+03	-3.70488e+03	7.49853e+03	-5.91707e+03	1.16307e+04	-7.62616e+03
13.27691	3.11298e+03	-1.87741e+03	4.98854e+03	-3.70488e+03	7.49853e+03	-5.91707e+03	1.16325e+04	-7.62616e+03
13.327595	3.11298e+03	-1.87741e+03	4.99039e+03	-3.70488e+03	7.49668e+03	-5.91707e+03	1.16307e+04	-7.62801e+03
13.359592	3.11298e+03	-1.87556e+03	4.99039e+03	-3.70488e+03	7.49853e+03	-5.91707e+03	1.16325e+04	-7.62616e+03
13.397926	3.11483e+03	-1.87371e+03	4.98854e+03	-3.70488e+03	7.49668e+03	-5.91707e+03	1.16307e+04	-7.62616e+03
13.447874	3.11483e+03	-1.87186e+03	4.98669e+03	-3.70488e+03	7.49853e+03	-5.91707e+03	1.16307e+04	-7.62801e+03
13.481244	3.11668e+03	-1.87186e+03	4.98854e+03	-3.70488e+03	7.49853e+03	-5.91892e+03	1.16307e+04	-7.62801e+03
13.532157	3.11483e+03	-1.87371e+03	4.98484e+03	-3.70488e+03	7.49668e+03	-5.91707e+03	1.16307e+04	-7.62616e+03
13.564604	3.11298e+03	-1.87371e+03	4.98854e+03	-3.70488e+03	7.49668e+03	-5.91707e+03	1.16307e+04	-7.62801e+03
13.615575	3.11483e+03	-1.87371e+03	4.98854e+03	-3.70488e+03	7.49853e+03	-5.91707e+03	1.16325e+04	-7.62801e+03
13.646934	3.11668e+03	-1.87186e+03	4.98854e+03	-3.70488e+03	7.49668e+03	-5.91707e+03	1.16307e+04	-7.62616e+03
13.695572	3.11668e+03	-1.87186e+03	4.98854e+03	-3.70672e+03	7.49668e+03	-5.91892e+03	1.16325e+04	-7.62616e+03
13.743591	3.11483e+03	-1.87186e+03	4.98854e+03	-3.70672e+03	7.49668e+03	-5.91707e+03	1.16307e+04	-7.62616e+03
13.773392	3.11298e+03	-1.87186e+03	4.98669e+03	-3.70488e+03	7.49668e+03	-5.91892e+03	1.16307e+04	-7.62616e+03
13.815554	3.11298e+03	-1.87371e+03	4.98854e+03	-3.70488e+03	7.49668e+03	-5.91707e+03	1.16307e+04	-7.62801e+03
13.848924	3.11668e+03	-1.87371e+03	4.98669e+03	-3.70672e+03	7.49853e+03	-5.91892e+03	1.16325e+04	-7.62616e+03
13.89791	3.11668e+03	-1.87371e+03	4.98669e+03	-3.70672e+03	7.49668e+03	-5.91707e+03	1.16307e+04	-7.62616e+03
13.932251	3.11668e+03	-1.87556e+03	4.98669e+03	-3.70488e+03	7.49668e+03	-5.91707e+03	1.16307e+04	-7.62801e+03
13.983138	3.11298e+03	-1.87741e+03	4.98854e+03	-3.70303e+03	7.49668e+03	-5.91707e+03	1.16307e+04	-7.62801e+03
14.031266	3.11483e+03	-1.87371e+03	4.98854e+03	-3.70488e+03	7.49668e+03	-5.91707e+03	1.16307e+04	-7.62616e+03
14.06355	3.11668e+03	-1.87371e+03	4.98854e+03	-3.70672e+03	7.49668e+03	-5.91707e+03	1.16307e+04	-7.62616e+03
14.102598	3.11668e+03	-1.87371e+03	4.99039e+03	-3.70488e+03	7.49853e+03	-5.91707e+03	1.16307e+04	-7.62616e+03
14.143537	3.11668e+03	-1.87186e+03	4.98854e+03	-3.70488e+03	7.49668e+03	-5.91707e+03	1.16307e+04	-7.62616e+03
14.182205	3.11483e+03	-1.87371e+03	4.98854e+03	-3.70488e+03	7.49668e+03	-5.91892e+03	1.16307e+04	-7.62616e+03
14.215534	3.11483e+03	-1.87371e+03	4.98669e+03	-3.70488e+03	7.49668e+03	-5.91892e+03	1.16307e+04	-7.62616e+03
14.26456	3.11483e+03	-1.87371e+03	4.98669e+03	-3.70303e+03	7.49668e+03	-5.91707e+03	1.16307e+04	-7.62616e+03
14.315621	3.11668e+03	-1.87556e+03	4.98669e+03	-3.70488e+03	7.49853e+03	-5.91707e+03	1.16307e+04	-7.62616e+03
14.348843	3.11668e+03	-1.87556e+03	4.98484e+03	-3.70488e+03	7.49853e+03	-5.91707e+03	1.16307e+04	-7.62616e+03
14.398695	3.11853e+03	-1.87371e+03	4.98669e+03	-3.70672e+03	7.49668e+03	-5.91707e+03	1.16307e+04	-7.62616e+03
14.431569	3.11668e+03	-1.87556e+03	4.98669e+03	-3.70672e+03	7.49853e+03	-5.91892e+03	1.16307e+04	-7.62616e+03
14.476954	3.11668e+03	-1.87556e+03	4.98854e+03	-3.70488e+03	7.49668e+03	-5.91892e+03	1.16307e+04	-7.62616e+03
14.510903	3.11483e+03	-1.87556e+03	4.98854e+03	-3.70303e+03	7.49668e+03	-5.91707e+03	1.16307e+04	-7.62616e+03
14.557383	3.11483e+03	-1.87741e+03	4.98854e+03	-3.70488e+03	7.49853e+03	-5.91707e+03	1.16307e+04	-7.62616e+03
14.597815	3.11113e+03	-1.87371e+03	4.98854e+03	-3.70488e+03	7.49668e+03	-5.91707e+03	1.16325e+04	-7.62616e+03
14.631168	3.11483e+03	-1.87186e+03	4.98854e+03	-3.70488e+03	7.49668e+03	-5.91707e+03	1.16307e+04	-7.62616e+03
14.682105	3.11668e+03	-1.87371e+03	4.98854e+03	-3.70672e+03	7.49668e+03	-5.91707e+03	1.16307e+04	-7.62616e+03
14.715478	3.11853e+03	-1.87556e+03	4.98854e+03	-3.70488e+03	7.49668e+03	-5.91892e+03	1.16307e+04	-7.62616e+03
14.76449	3.11483e+03	-1.87556e+03	4.98854e+03	-3.70672e+03	7.49668e+03	-5.91707e+03	1.16307e+04	-7.62616e+03
14.797805	3.11668e+03	-1.87741e+03	4.98669e+03	-3.70488e+03	7.49853e+03	-5.91707e+03	1.16307e+04	-7.62616e+03
14.846873	3.11668e+03	-1.87371e+03	4.98669e+03	-3.70672e+03	7.49668e+03	-5.91707e+03	1.16307e+04	-7.62616e+03
14.892087	3.11668e+03	-1.87371e+03	4.98669e+03	-3.70488e+03	7.49668e+03	-5.91707e+03	1.16307e+04	-7.62801e+03
14.927554	3.11853e+03	-1.87371e+03	4.98854e+03	-3.70672e+03	7.49853e+03	-5.91707e+03	1.16307e+04	-7.62616e+03
14.975557	3.11668e+03	-1.87556e+03	4.98669e+03	-3.70488e+03	7.49853e+03	-5.91892e+03	1.16307e+04	-7.62616e+03
14.99776	3.11298e+03	-1.87186e+03	4.98669e+03	-3.70303e+03	7.49853e+03	-5.91892e+03	1.16307e+04	-7.62616e+03
15.048352	3.11668e+03	-1.87371e+03	4.98669e+03	-3.70488e+03	7.49853e+03	-5.91707e+03	1.16307e+04	-7.62616e+03
15.081025	3.11483e+03	-1.87371e+03	4.98669e+03	-3.70488e+03	7.49853e+03	-5.91707e+03	1.16325e+04	-7.62616e+03
15.132727	3.11483e+03	-1.87186e+03	4.99039e+03	-3.70672e+03	7.49668e+03	-5.91892e+03	1.16325e+04	-7.62801e+03
15.181975	3.11483e+03	-1.87371e+03	4.98854e+03	-3.70672e+03	7.49853e+03	-5.91892e+03	1.16325e+04	-7.62616e+03
15.215532	3.11483e+03	-1.87186e+03	4.98854e+03	-3.70488e+03	7.49668e+03	-5.91892e+03	1.16307e+04	-7.62801e+03
15.263346	3.11668e+03	-1.87186e+03	4.98854e+03	-3.70488e+03	7.49668e+03	-5.91892e+03	1.16325e+04	-7.62801e+03
15.29218	3.11668e+03	-1.87556e+03	4.98669e+03	-3.70488e+03	7.49668e+03	-5.91707e+03	1.16325e+04	-7.62616e+03
15.34276	3.11668e+03	-1.87741e+03	4.98669e+03	-3.70303e+03	7.49853e+03	-5.91707e+03	1.16325e+04	-7.62801e+03
15.375311	3.11853e+03	-1.87556e+03	4.98854e+03	-3.70488e+03	7.49853e+03	-5.91892e+03	1.16325e+04	-7.62801e+03
15.414384	3.11668e+03	-1.87371e+03	4.98854e+03	-3.70488e+03	7.49853e+03	-5.91707e+03	1.16325e+04	-7.62616e+03
15.4653	3.11483e+03	-1.87556e+03	4.98854e+03	-3.70488e+03	7.49668e+03	-5.91707e+03	1.16307e+04	-7.62616e+03
15.497646	3.11668e+03	-1.87371e+03	4.98854e+03	-3.70488e+03	7.49668e+03	-5.91892e+03	1.16307e+04	-7.62801e+03
15.547681	3.11668e+03	-1.87371e+03	4.99039e+03	-3.70488e+03	7.49668e+03	-5.91892e+03	1.16325e+04	-7.62801e+03
15.58085	3.11483e+03	-1.87371e+03	4.98854e+03	-3.70488e+03	7.49853e+03	-5.91707e+03	1.16307e+04	-7.62801e+03
15.631545	3.11483e+03	-1.87371e+03	4.98854e+03	-3.70488e+03	7.49668e+03	-5.91892e+03	1.16325e+04	-7.62801e+03
15.663255	3.11483e+03	-1.87556e+03	4.99039e+03	-3.70488e+03	7.49668e+03	-5.91707e+03	1.16307e+04	-7.62801e+03
15.711528	3.11483e+03	-1.87001e+03	4.99039e+03	-3.70488e+03	7.49668e+03	-5.91707e+03	1.16325e+04	-7.62801e+03
15.758861	3.11483e+03	-1.87371e+03	4.98854e+03	-3.70488e+03	7.49853e+03	-5.91892e+03	1.16325e+04	-7.62801e+03
15.791323	3.11483e+03	-1.87556e+03	4.98669e+03	-3.70303e+03	7.49853e+03	-5.91892e+03	1.16325e+04	-7.62801e+03
15.831982	3.11298e+03	-1.87741e+03	4.98854e+03	-3.70488e+03	7.49668e+03	-5.91707e+03	1.16307e+04	-7.62801e+03
15.865318	3.11483e+03	-1.87926e+03	4.98854e+03	-3.70488e+03	7.49853e+03	-5.91707e+03	1.16325e+04	-7.62801e+03
15.915485	3.11483e+03	-1.87556e+03	4.98854e+03	-3.70672e+03	7.49853e+03	-5.91707e+03	1.16307e+04	-7.62616e+03
15.947679	3.11298e+03	-1.87371e+03	4.98854e+03	-3.70488e+03	7.49853e+03	-5.91707e+03	1.16325e+04	-7.62801e+03
15.999507	3.11483e+03	-1.87741e+03	4.98669e+03	-3.70488e+03	7.49853e+03	-5.91707e+03	1.16325e+04	-7.62801e+03
16.03151	3.11483e+03	-1.87556e+03	4.98854e+03	-3.70488e+03	7.49853e+03	-5.91892e+03	1.16325e+04	-7.62801e+03
16.078417	3.11483e+03	-1.87556e+03	4.98854e+03	-3.70672e+03	7.49853e+03	-5.91707e+03	1.16325e+04	-7.62801e+03
16.127509	3.11668e+03	-1.87371e+03	4.99224e+03	-3.70488e+03	7.49668e+03	-5.91892e+03	1.16325e+04	-7.62801e+03
16.159308	3.11483e+03	-1.87186e+03	4.99039e+03	-3.70303e+03	7.49668e+03	-5.91892e+03	1.16307e+04	-7.62801e+03
16.207642	3.11298e+03	-1.87186e+03	4.98854e+03	-3.70488e+03	7.49668e+03	-5.91892e+03	1.16325e+04	-7.62801e+03
16.231923	3.11483e+03	-1.87371e+03	4.98669e+03	-3.70488e+03	7.49853e+03	-5.91707e+03	1.16325e+04	-7.62801e+03
16.280974	3.11483e+03	-1.87556e+03	4.98669e+03	-3.70672e+03	7.49853e+03	-5.91892e+03	1.16325e+04	-7.62801e+03
16.314298	3.11668e+03	-1.87371e+03	4.98854e+03	-3.70672e+03	7.49853e+03	-5.91707e+03	1.16307e+04	-7.62801e+03
16.364206	3.11298e+03	-1.87556e+03	4.98854e+03	-3.70672e+03	7.49668e+03	-5.91892e+03	1.16307e+04	-7.62801e+03
16.413966	3.11113e+03	-1.87926e+03	4.98669e+03	-3.70672e+03	7.49668e+03	-5.91892e+03	1.16307e+04	-7.62801e+03
16.446789	3.11298e+03	-1.87556e+03	4.99039e+03	-3.70672e+03	7.49668e+03	-5.91892e+03	1.16307e+04	-7.62616e+03
16.491243	3.11668e+03	-1.87741e+03	4.98669e+03	-3.70672e+03	7.49668e+03	-5.91707e+03	1.16307e+04	-7.62801e+03
16.525314	3.11483e+03	-1.87371e+03	4.98669e+03	-3.70672e+03	7.49668e+03	-5.92077e+03	1.16307e+04	-7.62801e+03
16.575378	3.11298e+03	-1.87186e+03	4.98669e+03	-3.70672e+03	7.49668e+03	-5.91892e+03	1.16307e+04	-7.62801e+03
16.600574	3.11668e+03	-1.87186e+03	4.98669e+03	-3.70488e+03	7.49853e+03	-5.91892e+03	1.16325e+04	-7.62616e+03
16.647591	3.11298e+03	-1.87371e+03	4.98854e+03	-3.70488e+03	7.49853e+03	-5.91707e+03	1.16307e+04	-7.62616e+03
16.697785	3.11483e+03	-1.87556e+03	4.98854e+03	-3.70488e+03	7.49668e+03	-5.91707e+03	1.16325e+04	-7.62801e+03
16.731877	3.11668e+03	-1.87741e+03	4.99039e+03	-3.70488e+03	7.49853e+03	-5.91707e+03	1.16325e+04	-7.62801e+03
16.78092	3.11298e+03	-1.87556e+03	4.99039e+03	-3.70303e+03	7.49668e+03	-5.91892e+03	1.16325e+04	-7.62801e+03
16.815507	3.11298e+03	-1.87556e+03	4.99224e+03	-3.70303e+03	7.49668e+03	-5.91707e+03	1.16325e+04	-7.62801e+03
16.863134	3.11113e+03	-1.87371e+03	4.98854e+03	-3.70488e+03	7.49668e+03	-5.91892e+03	1.16325e+04	-7.62616e+03
16.891968	3.11113e+03	-1.87001e+03	4.98854e+03	-3.70303e+03	7.49668e+03	-5.91707e+03	1.16307e+04	-7.62801e+03
16.943499	3.11298e+03	-1.87371e+03	4.98854e+03	-3.70488e+03	7.49668e+03	-5.91892e+03	1.16307e+04	-7.62801e+03
16.982035	3.11298e+03	-1.87556e+03	4.98854e+03	-3.70303e+03	7.49853e+03	-5.91707e+03	1.16307e+04	-7.62801e+03
17.014223	3.11113e+03	-1.87556e+03	4.98854e+03	-3.70488e+03	7.49853e+03	-5.91892e+03	1.16307e+04	-7.62801e+03
17.065173	3.11483e+03	-1.87371e+03	4.98669e+03	-3.70672e+03	7.49668e+03	-5.91707e+03	1.16325e+04	-7.62801e+03
17.10347	3.11298e+03	-1.87371e+03	4.98669e+03	-3.70672e+03	7.49853e+03	-5.91707e+03	1.16325e+04	-7.62616e+03
17.149656	3.11298e+03	-1.87186e+03	4.98854e+03	-3.70672e+03	7.49668e+03	-5.91707e+03	1.16307e+04	-7.62801e+03
17.181262	3.11298e+03	-1.87371e+03	4.98854e+03	-3.70672e+03	7.49853e+03	-5.91892e+03	1.16307e+04	-7.62801e+03
17.231229	3.11483e+03	-1.87741e+03	4.98669e+03	-3.70488e+03	7.49853e+03	-5.91707e+03	1.16307e+04	-7.62801e+03
17.276785	3.11298e+03	-1.87741e+03	4.98669e+03	-3.70488e+03	7.49668e+03	-5.91707e+03	1.16325e+04	-7.62801e+03
17.311474	3.11668e+03	-1.87556e+03	4.98669e+03	-3.70488e+03	7.49853e+03	-5.91707e+03	1.16325e+04	-7.62616e+03
17.359462	3.11483e+03	-1.87556e+03	4.98854e+03	-3.70303e+03	7.49668e+03	-5.91892e+03	1.16307e+04	-7.62616e+03
17.390996	3.11483e+03	-1.87556e+03	4.98669e+03	-3.70303e+03	7.49668e+03	-5.91892e+03	1.16325e+04	-7.62801e+03
17.430763	3.11483e+03	-1.87371e+03	4.98854e+03	-3.70488e+03	7.49853e+03	-5.91707e+03	1.16307e+04	-7.62801e+03
17.46438	3.11483e+03	-1.87186e+03	4.98854e+03	-3.70488e+03	7.49668e+03	-5.91892e+03	1.16307e+04	-7.62616e+03
17.514107	3.11298e+03	-1.87371e+03	4.98669e+03	-3.70303e+03	7.49668e+03	-5.91892e+03	1.16307e+04	-7.62801e+03
17.565134	3.11483e+03	-1.87371e+03	4.98669e+03	-3.70488e+03	7.49668e+03	-5.91707e+03	1.16325e+04	-7.62801e+03
17.597402	3.11483e+03	-1.87371e+03	4.98669e+03	-3.70672e+03	7.49668e+03	-5.91892e+03	1.16307e+04	-7.62616e+03
17.647434	3.11668e+03	-1.87371e+03	4.98669e+03	-3.70672e+03	7.49668e+03	-5.91892e+03	1.16307e+04	-7.62801e+03
17.676226	3.11483e+03	-1.87371e+03	4.98669e+03	-3.70672e+03	7.49853e+03	-5.91892e+03	1.16325e+04	-7.62801e+03
17.727419	3.11483e+03	-1.87371e+03	4.98854e+03	-3.70303e+03	7.49853e+03	-5.91892e+03	1.16325e+04	-7.62616e+03
17.759446	3.11113e+03	-1.87371e+03	4.98854e+03	-3.70488e+03	7.49853e+03	-5.91707e+03	1.16307e+04	-7.62801e+03
17.798404	3.11298e+03	-1.87556e+03	4.98854e+03	-3.70672e+03	7.49853e+03	-5.91707e+03	1.16307e+04	-7.62801e+03
17.847456	3.11298e+03	-1.87186e+03	4.98669e+03	-3.70488e+03	7.49668e+03	-5.91892e+03	1.16307e+04	-7.62801e+03
17.880774	3.11483e+03	-1.87371e+03	4.98669e+03	-3.70672e+03	7.49668e+03	-5.91892e+03	1.16325e+04	-7.62801e+03
17.931765	3.11483e+03	-1.87556e+03	4.98669e+03	-3.70672e+03	7.49853e+03	-5.91892e+03	1.16325e+04	-7.62801e+03
17.965077	3.11483e+03	-1.87371e+03	4.98669e+03	-3.70488e+03	7.49668e+03	-5.91892e+03	1.16307e+04	-7.62801e+03
18.013887	3.11668e+03	-1.87371e+03	4.98669e+03	-3.70488e+03	7.49668e+03	-5.91892e+03	1.16325e+04	-7.62801e+03
18.047419	3.11668e+03	-1.87186e+03	4.98669e+03	-3.70488e+03	7.49853e+03	-5.91707e+03	1.16325e+04	-7.62616e+03
18.095445	3.11483e+03	-1.87186e+03	4.98854e+03	-3.70488e+03	7.49853e+03	-5.91707e+03	1.16325e+04	-7.62801e+03
18.142793	3.11668e+03	-1.87371e+03	4.99039e+03	-3.70303e+03	7.49853e+03	-5.91707e+03	1.16325e+04	-7.62801e+03
18.175168	3.11853e+03	-1.87556e+03	4.98854e+03	-3.70488e+03	7.49853e+03	-5.91892e+03	1.16325e+04	-7.62801e+03
18.216013	3.11668e+03	-1.87371e+03	4.98854e+03	-3.70488e+03	7.49668e+03	-5.91707e+03	1.16325e+04	-7.62616e+03
18.255011	3.11668e+03	-1.87556e+03	4.98669e+03	-3.70488e+03	7.49853e+03	-5.91892e+03	1.16325e+04	-7.62801e+03
18.298767	3.11668e+03	-1.87556e+03	4.98669e+03	-3.70303e+03	7.49668e+03	-5.91707e+03	1.16307e+04	-7.62616e+03
18.331315	3.11483e+03	-1.87556e+03	4.98854e+03	-3.70303e+03	7.49853e+03	-5.91707e+03	1.16325e+04	-7.62616e+03
18.38066	3.11483e+03	-1.87556e+03	4.98854e+03	-3.70488e+03	7.49853e+03	-5.91707e+03	1.16307e+04	-7.62616e+03
18.430665	3.11298e+03	-1.87371e+03	4.98854e+03	-3.70488e+03	7.49853e+03	-5.91707e+03	1.16307e+04	-7.62616e+03
18.462986	3.11483e+03	-1.87186e+03	4.98854e+03	-3.70488e+03	7.49668e+03	-5.91707e+03	1.16307e+04	-7.62616e+03
18.508422	3.11483e+03	-1.87371e+03	4.98854e+03	-3.70488e+03	7.49853e+03	-5.91707e+03	1.16307e+04	-7.62801e+03
18.536825	3.11483e+03	-1.87556e+03	4.98484e+03	-3.70303e+03	7.49853e+03	-5.91707e+03	1.16307e+04	-7.62616e+03
18.590792	3.11668e+03	-1.87371e+03	4.98669e+03	-3.70672e+03	7.49668e+03	-5.91892e+03	1.16307e+04	-7.62616e+03
18.614994	3.11668e+03	-1.87371e+03	4.98854e+03	-3.70488e+03	7.49668e+03	-5.91892e+03	1.16325e+04	-7.62616e+03
18.666045	3.11668e+03	-1.87556e+03	4.98854e+03	-3.70488e+03	7.49853e+03	-5.91892e+03	1.16325e+04	-7.62616e+03
18.714321	3.11483e+03	-1.87556e+03	4.99039e+03	-3.70488e+03	7.49668e+03	-5.91707e+03	1.16325e+04	-7.62616e+03
18.747325	3.11853e+03	-1.87556e+03	4.98854e+03	-3.70303e+03	7.49853e+03	-5.91707e+03	1.16307e+04	-7.62616e+03
18.79943	3.11853e+03	-1.87186e+03	4.98854e+03	-3.70488e+03	7.49853e+03	-5.91707e+03	1.16325e+04	-7.62616e+03
18.83065	3.11483e+03	-1.87371e+03	4.98854e+03	-3.70488e+03	7.49853e+03	-5.91707e+03	1.16307e+04	-7.62801e+03
18.87597	3.11298e+03	-1.87926e+03	4.99039e+03	-3.70488e+03	7.49853e+03	-5.91707e+03	1.16325e+04	-7.62801e+03
18.911422	3.11298e+03	-1.87556e+03	4.99039e+03	-3.70672e+03	7.49668e+03	-5.91707e+03	1.16307e+04	-7.62616e+03
18.959442	3.11483e+03	-1.87371e+03	4.98854e+03	-3.70488e+03	7.49668e+03	-5.91707e+03	1.16325e+04	-7.62801e+03
19.007442	3.11483e+03	-1.87556e+03	4.98854e+03	-3.70488e+03	7.49853e+03	-5.91707e+03	1.16307e+04	-7.62616e+03
19.031613	3.11298e+03	-1.87741e+03	4.98669e+03	-3.70488e+03	7.49668e+03	-5.91707e+03	1.16307e+04	-7.62801e+03
19.080447	3.11483e+03	-1.87371e+03	4.98669e+03	-3.70488e+03	7.49853e+03	-5.91707e+03	1.16307e+04	-7.62801e+03
19.119358	3.11483e+03	-1.87556e+03	4.98854e+03	-3.70488e+03	7.49853e+03	-5.91707e+03	1.16325e+04	-7.62616e+03
19.167405	3.11483e+03	-1.87371e+03	4.98854e+03	-3.70488e+03	7.49853e+03	-5.91707e+03	1.16307e+04	-7.62801e+03
19.198151	3.11668e+03	-1.87186e+03	4.98854e+03	-3.70672e+03	7.49853e+03	-5.91707e+03	1.16325e+04	-7.62616e+03
19.247406	3.11853e+03	-1.87001e+03	4.98669e+03	-3.70672e+03	7.49853e+03	-5.91892e+03	1.16325e+04	-7.62616e+03
19.295395	3.11483e+03	-1.87371e+03	4.98854e+03	-3.70672e+03	7.49668e+03	-5.91707e+03	1.16307e+04	-7.62616e+03
19.327388	3.11483e+03	-1.87556e+03	4.98854e+03	-3.70488e+03	7.49853e+03	-5.91707e+03	1.16307e+04	-7.62801e+03
19.374691	3.11483e+03	-1.87556e+03	4.98854e+03	-3.70672e+03	7.49853e+03	-5.91707e+03	1.16307e+04	-7.62801e+03
19.407579	3.11483e+03	-1.87556e+03	4.98854e+03	-3.70672e+03	7.49668e+03	-5.91707e+03	1.16307e+04	-7.62801e+03
19.44825	3.11668e+03	-1.87371e+03	4.98854e+03	-3.70672e+03	7.49853e+03	-5.91707e+03	1.16325e+04	-7.62801e+03
19.481531	3.11298e+03	-1.87371e+03	4.98669e+03	-3.70488e+03	7.49853e+03	-5.91707e+03	1.16307e+04	-7.62801e+03
19.530504	3.11483e+03	-1.87186e+03	4.98669e+03	-3.70303e+03	7.49668e+03	-5.91707e+03	1.16307e+04	-7.62801e+03
19.581644	3.11483e+03	-1.87556e+03	4.99039e+03	-3.70488e+03	7.49668e+03	-5.91892e+03	1.16307e+04	-7.62616e+03
19.614888	3.11668e+03	-1.87556e+03	4.98854e+03	-3.70303e+03	7.49668e+03	-5.91892e+03	1.16307e+04	-7.62616e+03
19.662799	3.11483e+03	-1.87371e+03	4.99039e+03	-3.70488e+03	7.49668e+03	-5.91707e+03	1.16307e+04	-7.62616e+03
19.692551	3.11668e+03	-1.87556e+03	4.98669e+03	-3.70488e+03	7.49853e+03	-5.91707e+03	1.16307e+04	-7.62801e+03
19.74089	3.11668e+03	-1.87371e+03	4.98854e+03	-3.70488e+03	7.49853e+03	-5.91707e+03	1.16307e+04	-7.62616e+03
19.768014	3.11853e+03	-1.87371e+03	4.98669e+03	-3.70488e+03	7.49668e+03	-5.91892e+03	1.16325e+04	-7.62616e+03
19.813901	3.11668e+03	-1.87371e+03	4.98854e+03	-3.70303e+03	7.49668e+03	-5.91892e+03	1.16307e+04	-7.62801e+03
19.86589	3.11668e+03	-1.87556e+03	4.98854e+03	-3.70488e+03	7.49853e+03	-5.91892e+03	1.16307e+04	-7.62801e+03
19.897143	3.11298e+03	-1.87741e+03	4.98854e+03	-3.70488e+03	7.49668e+03	-5.91707e+03	1.16307e+04	-7.62616e+03
19.948165	3.11483e+03	-1.87371e+03	4.98854e+03	-3.70672e+03	7.49668e+03	-5.91892e+03	1.16307e+04	-7.62616e+03
19.983401	3.11668e+03	-1.87556e+03	4.98669e+03	-3.70488e+03	7.49853e+03	-5.91707e+03	1.16325e+04	-7.62801e+03
20.030564	3.11668e+03	-1.87556e+03	4.98854e+03	-3.70488e+03	7.49853e+03	-5.91707e+03	1.16307e+04	-7.62801e+03
20.06283	3.11668e+03	-1.87371e+03	4.98854e+03	-3.70488e+03	7.49853e+03	-5.91892e+03	1.16325e+04	-7.62801e+03
20.11139	3.11483e+03	-1.87371e+03	4.99039e+03	-3.70488e+03	7.49668e+03	-5.91892e+03	1.16325e+04	-7.62616e+03
20.159397	3.11483e+03	-1.87741e+03	4.98854e+03	-3.70488e+03	7.49853e+03	-5.91707e+03	1.16325e+04	-7.62616e+03
20.191572	3.11483e+03	-1.87371e+03	4.98854e+03	-3.70672e+03	7.49853e+03	-5.91707e+03	1.16325e+04	-7.62616e+03
20.230545	3.11668e+03	-1.87371e+03	4.98854e+03	-3.70672e+03	7.49853e+03	-5.91707e+03	1.16325e+04	-7.62801e+03
20.265871	3.11298e+03	-1.87186e+03	4.99039e+03	-3.70303e+03	7.49853e+03	-5.91892e+03	1.16325e+04	-7.62801e+03
20.314818	3.11483e+03	-1.87556e+03	4.99039e+03	-3.70488e+03	7.49853e+03	-5.91707e+03	1.16325e+04	-7.62801e+03
20.348092	3.11483e+03	-1.87556e+03	4.98854e+03	-3.70303e+03	7.49853e+03	-5.91707e+03	1.16325e+04	-7.62801e+03
20.397698	3.11668e+03	-1.87371e+03	4.98854e+03	-3.70488e+03	7.49853e+03	-5.91707e+03	1.16325e+04	-7.62801e+03
20.431366	3.11483e+03	-1.87556e+03	4.98669e+03	-3.70488e+03	7.49853e+03	-5.91707e+03	1.16325e+04	-7.62801e+03
20.479153	3.11298e+03	-1.87371e+03	4.98854e+03	-3.70488e+03	7.49853e+03	-5.91707e+03	1.16325e+04	-7.62616e+03
20.523142	3.11668e+03	-1.87371e+03	4.98854e+03	-3.70488e+03	7.49853e+03	-5.91707e+03	1.16325e+04	-7.62801e+03
20.559369	3.11668e+03	-1.87741e+03	4.98854e+03	-3.70303e+03	7.49853e+03	-5.91707e+03	1.16325e+04	-7.62801e+03
20.607237	3.11483e+03	-1.87556e+03	4.98854e+03	-3.70303e+03	7.49853e+03	-5.91707e+03	1.16325e+04	-7.62801e+03
20.630392	3.11483e+03	-1.87371e+03	4.99039e+03	-3.70303e+03	7.49668e+03	-5.91707e+03	1.16307e+04	-7.62801e+03
20.681043	3.11668e+03	-1.87556e+03	4.99039e+03	-3.70303e+03	7.49668e+03	-5.91707e+03	1.16307e+04	-7.62801e+03
20.714782	3.11668e+03	-1.87556e+03	4.99039e+03	-3.70488e+03	7.49853e+03	-5.91707e+03	1.16307e+04	-7.62616e+03
20.767364	3.11668e+03	-1.87556e+03	4.98854e+03	-3.70672e+03	7.49853e+03	-5.91707e+03	1.16325e+04	-7.62801e+03
20.815368	3.11483e+03	-1.87556e+03	4.98854e+03	-3.70672e+03	7.49853e+03	-5.91707e+03	1.16307e+04	-7.62616e+03
20.847074	3.11298e+03	-1.87741e+03	4.98854e+03	-3.70488e+03	7.49853e+03	-5.91707e+03	1.16325e+04	-7.62801e+03
20.895369	3.11853e+03	-1.87556e+03	4.99039e+03	-3.70488e+03	7.49853e+03	-5.91707e+03	1.16325e+04	-7.62801e+03
20.92735	3.11668e+03	-1.87556e+03	4.99039e+03	-3.70488e+03	7.49853e+03	-5.91707e+03	1.16325e+04	-7.62801e+03
20.968922	3.11298e+03	-1.87371e+03	4.98854e+03	-3.70488e+03	7.49668e+03	-5.91707e+03	1.16307e+04	-7.62801e+03
21.007162	3.11483e+03	-1.87186e+03	4.98854e+03	-3.70488e+03	7.49853e+03	-5.91707e+03	1.16325e+04	-7.62801e+03
21.04807	3.11483e+03	-1.87371e+03	4.98854e+03	-3.70488e+03	7.49853e+03	-5.91707e+03	1.16325e+04	-7.62801e+03
21.097115	3.11483e+03	-1.87556e+03	4.98854e+03	-3.70488e+03	7.49668e+03	-5.91707e+03	1.16325e+04	-7.62801e+03
21.130375	3.11853e+03	-1.87371e+03	4.99039e+03	-3.70488e+03	7.49668e+03	-5.91892e+03	1.16325e+04	-7.62801e+03
21.181133	3.11853e+03	-1.87186e+03	4.99039e+03	-3.70488e+03	7.49668e+03	-5.91892e+03	1.16325e+04	-7.62801e+03
21.215355	3.11668e+03	-1.87371e+03	4.99039e+03	-3.70488e+03	7.49853e+03	-5.91892e+03	1.16307e+04	-7.62801e+03
21.262659	3.11483e+03	-1.87556e+03	4.98669e+03	-3.70488e+03	7.49853e+03	-5.91707e+03	1.16307e+04	-7.62801e+03
21.290857	3.11483e+03	-1.87556e+03	4.98669e+03	-3.70303e+03	7.49668e+03	-5.91707e+03	1.16307e+04	-7.62616e+03
21.343349	3.11668e+03	-1.87371e+03	4.98669e+03	-3.70488e+03	7.49668e+03	-5.91707e+03	1.16307e+04	-7.62801e+03
21.39135	3.11483e+03	-1.87186e+03	4.98854e+03	-3.70488e+03	7.49853e+03	-5.91707e+03	1.16307e+04	-7.62801e+03
21.414642	3.11483e+03	-1.87371e+03	4.98854e+03	-3.70303e+03	7.49853e+03	-5.91707e+03	1.16307e+04	-7.62616e+03
21.470904	3.11483e+03	-1.87186e+03	4.98669e+03	-3.70488e+03	7.49668e+03	-5.91892e+03	1.16307e+04	-7.62616e+03
21.497008	3.11853e+03	-1.87186e+03	4.99039e+03	-3.70488e+03	7.49668e+03	-5.91892e+03	1.16325e+04	-7.62801e+03
21.549723	3.11668e+03	-1.87371e+03	4.98854e+03	-3.70488e+03	7.49668e+03	-5.91707e+03	1.16325e+04	-7.62801e+03
21.581266	3.11668e+03	-1.87186e+03	4.98669e+03	-3.70488e+03	7.49668e+03	-5.91707e+03	1.16325e+04	-7.62801e+03
21.631322	3.11668e+03	-1.87556e+03	4.98854e+03	-3.70488e+03	7.49668e+03	-5.91892e+03	1.16307e+04	-7.62801e+03
